User ID,Question ID,Chosen Action,State
603,10,15,6
603,10,14,1
603,10,14,1
603,10,14,6
603,10,14,5
603,10,14,1
603,10,14,1
603,10,14,5
603,10,15,6
603,10,15,2
603,10,15,2
603,10,14,5
603,10,14,5
603,10,15,2
603,10,14,1
603,10,14,5
603,10,15,6
603,10,14,1
603,10,15,6
603,10,15,2
603,10,14,5
603,10,15,6
603,10,14,1
603,10,15,6
603,10,14,1
603,10,14,1
603,10,15,6
603,10,14,1
603,10,14,1
603,10,15,6
603,10,14,5
603,10,15,2
603,10,14,5
603,10,14,6
603,10,14,5
603,10,14,1
603,10,15,6
603,10,15,6
603,10,15,2
603,10,14,1
603,10,14,5
603,10,14,1
603,10,15,6
603,10,14,5
603,10,14,1
603,10,14,1
603,10,14,1
603,10,15,6
603,10,14,5
603,10,14,5
603,8,11,1
603,8,11,6
603,8,10,2
603,8,10,5
603,8,11,6
603,8,10,5
603,8,11,1
603,8,10,5
603,8,10,5
603,8,11,1
603,8,10,1
603,8,11,2
603,8,10,2
603,8,10,1
603,8,11,1
603,8,10,5
603,8,11,2
603,8,11,6
603,8,10,1
603,8,10,2
603,8,11,1
603,8,10,1
603,8,10,5
603,8,10,1
603,8,11,6
603,8,11,6
603,8,10,5
603,8,10,5
603,8,10,5
603,8,11,1
603,8,10,5
603,8,11,2
603,8,11,6
603,8,11,6
603,8,10,5
603,8,11,1
603,8,10,1
603,8,10,2
603,8,10,5
603,8,11,1
603,8,10,2
603,8,10,5
603,8,11,2
603,8,10,5
603,8,10,5
603,8,11,2
603,8,10,5
603,8,11,2
603,8,10,5
603,8,11,6
603,9,12,5
603,9,12,1
603,9,12,1
603,9,13,6
603,9,12,6
603,9,12,1
603,9,12,5
603,9,12,1
603,9,13,2
603,9,13,2
603,9,12,5
603,9,13,2
603,9,12,6
603,9,13,6
603,9,12,6
603,9,12,1
603,9,12,6
603,9,13,2
603,9,12,5
603,9,13,2
603,9,12,2
603,9,12,6
603,9,13,2
603,9,12,1
603,9,12,6
603,9,13,5
603,9,12,6
603,9,13,2
603,9,12,1
603,9,12,1
603,9,12,5
603,9,13,2
603,9,12,5
603,9,13,2
603,9,13,5
603,9,12,1
603,9,12,5
603,9,12,1
603,9,12,6
603,9,13,2
603,9,12,5
603,9,13,2
603,9,13,2
603,9,12,1
603,9,13,6
603,9,12,1
603,9,12,1
603,9,12,6
603,9,13,6
603,9,12,1
603,11,16,5
603,11,16,5
603,11,16,1
603,11,17,6
603,11,16,5
603,11,17,2
603,11,16,1
603,11,16,1
603,11,17,2
603,11,17,6
603,11,16,1
603,11,16,5
603,11,17,2
603,11,16,5
603,11,17,6
603,11,16,5
603,11,16,5
603,11,17,2
603,11,16,1
603,11,16,1
603,11,16,1
603,11,16,1
603,11,16,1
603,11,16,1
603,11,17,2
603,11,17,2
603,11,17,2
603,11,17,2
603,11,16,5
603,11,17,2
603,11,17,2
603,11,16,1
603,11,16,5
603,11,16,1
603,11,16,1
603,11,16,5
603,11,17,6
603,11,16,5
603,11,16,1
603,11,17,2
603,11,16,1
603,11,17,6
603,11,17,2
603,11,16,5
603,11,16,5
603,11,16,1
603,11,16,1
603,11,17,6
603,11,17,2
603,11,17,2
607,9,13,2
607,9,13,1
607,9,13,2
607,9,13,5
607,9,12,5
607,9,12,1
607,9,13,5
607,9,12,1
607,9,13,6
607,9,13,2
607,9,13,6
607,9,12,6
607,9,12,6
607,9,13,5
607,9,13,2
607,9,12,1
607,9,13,1
607,9,13,5
607,9,12,5
607,9,13,2
607,9,12,1
607,9,13,5
607,9,12,1
607,9,13,2
607,9,12,2
607,9,12,2
607,9,13,1
607,9,12,5
607,9,13,1
607,9,13,6
607,9,12,6
607,9,13,1
607,9,12,2
607,9,12,5
607,9,13,1
607,9,12,1
607,9,13,2
607,9,13,5
607,9,13,6
607,9,13,6
607,9,12,1
607,9,13,5
607,9,13,5
607,9,12,1
607,9,13,5
607,9,12,2
607,9,12,1
607,9,12,2
607,9,12,2
607,9,12,1
607,10,14,2
607,10,15,5
607,10,14,2
607,10,15,6
607,10,14,1
607,10,14,2
607,10,15,5
607,10,15,5
607,10,15,5
607,10,14,2
607,10,15,5
607,10,14,1
607,10,15,6
607,10,14,1
607,10,14,1
607,10,14,1
607,10,14,1
607,10,15,6
607,10,15,6
607,10,14,2
607,10,15,5
607,10,14,1
607,10,15,5
607,10,14,2
607,10,15,5
607,10,14,1
607,10,14,2
607,10,15,5
607,10,14,1
607,10,14,1
607,10,14,1
607,10,14,2
607,10,14,1
607,10,15,6
607,10,14,1
607,10,15,5
607,10,15,5
607,10,15,5
607,10,14,2
607,10,15,5
607,10,15,5
607,10,14,2
607,10,14,1
607,10,15,5
607,10,14,1
607,10,15,6
607,10,14,2
607,10,14,1
607,10,14,2
607,10,14,2
607,11,17,6
607,11,16,1
607,11,17,6
607,11,17,5
607,11,17,5
607,11,17,5
607,11,16,2
607,11,16,1
607,11,16,1
607,11,17,6
607,11,16,2
607,11,16,1
607,11,17,6
607,11,16,1
607,11,17,5
607,11,16,1
607,11,17,5
607,11,17,5
607,11,17,5
607,11,16,1
607,11,17,5
607,11,17,6
607,11,16,1
607,11,17,6
607,11,16,2
607,11,17,5
607,11,16,2
607,11,17,5
607,11,17,5
607,11,17,5
607,11,16,1
607,11,17,6
607,11,16,1
607,11,17,5
607,11,17,6
607,11,17,6
607,11,16,1
607,11,16,2
607,11,17,6
607,11,16,1
607,11,16,1
607,11,17,6
607,11,16,1
607,11,17,6
607,11,16,1
607,11,16,2
607,11,17,6
607,11,16,1
607,11,16,1
607,11,17,5
607,8,10,1
607,8,10,2
607,8,11,6
607,8,11,5
607,8,11,6
607,8,11,5
607,8,11,5
607,8,10,2
607,8,11,6
607,8,10,2
607,8,10,2
607,8,10,1
607,8,10,1
607,8,11,5
607,8,10,2
607,8,11,5
607,8,11,5
607,8,11,5
607,8,10,2
607,8,11,6
607,8,11,5
607,8,10,2
607,8,11,6
607,8,11,6
607,8,10,2
607,8,10,1
607,8,11,6
607,8,11,5
607,8,11,5
607,8,10,1
607,8,11,5
607,8,11,6
607,8,11,6
607,8,10,1
607,8,10,1
607,8,10,1
607,8,11,6
607,8,11,6
607,8,11,5
607,8,10,2
607,8,10,1
607,8,10,2
607,8,10,2
607,8,11,5
607,8,11,6
607,8,10,2
607,8,10,1
607,8,10,1
607,8,10,2
607,8,11,6
615,10,14,2
615,10,15,6
615,10,14,5
615,10,15,5
615,10,14,1
615,10,15,6
615,10,15,5
615,10,14,1
615,10,14,2
615,10,15,6
615,10,14,1
615,10,15,6
615,10,15,6
615,10,15,5
615,10,14,1
615,10,14,2
615,10,15,5
615,10,15,5
615,10,15,6
615,10,15,6
615,10,14,1
615,10,14,2
615,10,15,5
615,10,15,6
615,10,14,1
615,10,14,1
615,10,15,6
615,10,15,5
615,10,14,1
615,10,15,6
615,10,14,2
615,10,14,2
615,10,14,1
615,10,14,1
615,10,14,2
615,10,14,2
615,10,14,2
615,10,15,6
615,10,15,5
615,10,14,2
615,10,15,6
615,10,14,1
615,10,15,6
615,10,15,5
615,10,15,6
615,10,14,1
615,10,15,5
615,10,14,1
615,10,15,6
615,10,14,1
615,11,16,2
615,11,16,1
615,11,17,5
615,11,16,2
615,11,17,5
615,11,16,1
615,11,16,2
615,11,17,6
615,11,17,6
615,11,17,5
615,11,17,5
615,11,17,5
615,11,17,5
615,11,17,5
615,11,16,1
615,11,16,2
615,11,17,6
615,11,17,5
615,11,16,2
615,11,17,6
615,11,16,1
615,11,17,6
615,11,17,6
615,11,16,2
615,11,16,2
615,11,17,5
615,11,17,6
615,11,16,2
615,11,17,6
615,11,17,5
615,11,16,1
615,11,16,1
615,11,17,5
615,11,16,2
615,11,16,2
615,11,16,1
615,11,17,5
615,11,17,5
615,11,17,6
615,11,17,6
615,11,16,2
615,11,16,2
615,11,16,2
615,11,16,2
615,11,17,5
615,11,16,1
615,11,17,5
615,11,17,5
615,11,16,2
615,11,16,1
615,8,10,1
615,8,10,1
615,8,10,2
615,8,10,1
615,8,11,1
615,8,10,1
615,8,11,6
615,8,11,6
615,8,11,6
615,8,10,2
615,8,11,5
615,8,10,2
615,8,11,2
615,8,11,5
615,8,11,5
615,8,11,5
615,8,11,6
615,8,11,5
615,8,10,1
615,8,10,1
615,8,11,6
615,8,11,5
615,8,10,1
615,8,10,1
615,8,11,2
615,8,11,1
615,8,11,2
615,8,11,6
615,8,10,2
615,8,11,5
615,8,11,6
615,8,11,6
615,8,11,6
615,8,11,5
615,8,11,5
615,8,11,6
615,8,10,2
615,8,10,2
615,8,11,6
615,8,10,2
615,8,10,1
615,8,11,2
615,8,10,2
615,8,10,2
615,8,11,1
615,8,11,1
615,8,11,5
615,8,11,5
615,8,10,1
615,8,11,6
615,9,12,1
615,9,13,5
615,9,13,2
615,9,13,6
615,9,13,5
615,9,12,2
615,9,12,1
615,9,12,5
615,9,12,2
615,9,13,6
615,9,12,1
615,9,13,6
615,9,12,2
615,9,13,5
615,9,12,2
615,9,13,5
615,9,12,2
615,9,13,5
615,9,13,5
615,9,13,5
615,9,12,2
615,9,13,6
615,9,12,2
615,9,13,5
615,9,12,1
615,9,12,2
615,9,12,2
615,9,12,1
615,9,13,6
615,9,13,6
615,9,12,1
615,9,12,1
615,9,13,5
615,9,13,6
615,9,13,5
615,9,12,2
615,9,13,6
615,9,12,1
615,9,13,1
615,9,12,1
615,9,12,1
615,9,13,5
615,9,13,6
615,9,13,6
615,9,13,1
615,9,13,5
615,9,13,6
615,9,12,1
615,9,13,5
615,9,12,1
601,8,11,5
601,8,11,6
601,8,11,5
601,8,10,5
601,8,10,2
601,8,10,1
601,8,10,1
601,8,10,5
601,8,10,2
601,8,10,6
601,8,10,6
601,8,10,1
601,8,10,2
601,8,10,6
601,8,10,5
601,8,10,5
601,8,10,5
601,8,10,6
601,8,10,6
601,8,10,1
601,8,10,5
601,8,10,5
601,8,10,5
601,8,10,1
601,8,10,6
601,8,10,5
601,8,10,1
601,8,10,6
601,8,10,2
601,8,10,1
601,8,10,2
601,8,10,5
601,8,10,2
601,8,10,1
601,8,10,1
601,8,10,1
601,8,10,1
601,8,10,5
601,8,10,6
601,8,10,6
601,8,10,6
601,8,10,1
601,8,10,1
601,8,10,6
601,8,10,6
601,8,10,1
601,8,10,1
601,8,10,6
601,8,10,6
601,8,10,6
601,11,16,1
601,11,16,2
601,11,16,6
601,11,16,6
601,11,16,2
601,11,16,5
601,11,16,2
601,11,16,6
601,11,16,5
601,11,16,1
601,11,16,2
601,11,16,2
601,11,16,2
601,11,16,5
601,11,16,5
601,11,16,5
601,11,16,2
601,11,16,6
601,11,16,1
601,11,16,5
601,11,16,6
601,11,16,6
601,11,16,2
601,11,16,5
601,11,16,6
601,11,16,1
601,11,16,1
601,11,16,1
601,11,16,6
601,11,16,2
601,11,16,6
601,11,16,6
601,11,16,2
601,11,16,6
601,11,16,1
601,11,16,6
601,11,16,1
601,11,16,1
601,11,16,2
601,11,16,2
601,11,16,2
601,11,16,1
601,11,16,2
601,11,16,1
601,11,16,5
601,11,16,1
601,11,16,6
601,11,16,1
601,11,16,5
601,11,16,5
601,10,14,2
601,10,14,5
601,10,14,6
601,10,14,5
601,10,14,6
601,10,14,2
601,10,14,1
601,10,14,5
601,10,14,5
601,10,14,5
601,10,14,1
601,10,14,2
601,10,14,1
601,10,14,6
601,10,14,2
601,10,14,6
601,10,14,6
601,10,14,1
601,10,14,6
601,10,14,5
601,10,14,6
601,10,14,1
601,10,14,5
601,10,14,6
601,10,14,6
601,10,14,2
601,10,14,6
601,10,14,5
601,10,14,2
601,10,14,2
601,10,14,6
601,10,14,2
601,10,14,1
601,10,14,1
601,10,14,1
601,10,14,5
601,10,14,5
601,10,14,5
601,10,14,1
601,10,14,5
601,10,14,1
601,10,14,1
601,10,14,2
601,10,14,6
601,10,14,5
601,10,14,2
601,10,14,2
601,10,14,1
601,10,14,1
601,10,14,1
601,9,12,1
601,9,12,2
601,9,12,5
601,9,12,6
601,9,12,2
601,9,12,6
601,9,12,6
601,9,12,1
601,9,12,1
601,9,12,6
601,9,12,1
601,9,12,2
601,9,12,2
601,9,12,6
601,9,12,1
601,9,12,6
601,9,12,1
601,9,12,1
601,9,12,1
601,9,12,1
601,9,12,6
601,9,12,1
601,9,12,2
601,9,12,2
601,9,12,6
601,9,12,1
601,9,12,6
601,9,12,1
601,9,12,5
601,9,12,6
601,9,12,1
601,9,12,5
601,9,12,6
601,9,12,2
601,9,12,2
601,9,12,6
601,9,12,1
601,9,12,1
601,9,12,1
601,9,12,1
601,9,12,1
601,9,12,5
601,9,12,6
601,9,12,6
601,9,12,5
601,9,12,1
601,9,12,6
601,9,12,1
601,9,12,5
601,9,12,5
604,8,11,2
604,8,11,2
604,8,10,1
604,8,11,6
604,8,10,1
604,8,11,6
604,8,11,2
604,8,10,1
604,8,11,2
604,8,11,2
604,8,11,6
604,8,11,2
604,8,11,2
604,8,11,2
604,8,10,1
604,8,10,5
604,8,10,1
604,8,10,5
604,8,11,2
604,8,11,2
604,8,10,1
604,8,10,5
604,8,11,2
604,8,10,5
604,8,10,1
604,8,11,6
604,8,10,1
604,8,11,6
604,8,11,6
604,8,11,6
604,8,11,6
604,8,10,5
604,8,10,5
604,8,11,2
604,8,10,1
604,8,11,6
604,8,11,6
604,8,11,2
604,8,10,5
604,8,10,5
604,8,11,2
604,8,11,2
604,8,10,1
604,8,10,5
604,8,10,1
604,8,11,6
604,8,10,5
604,8,10,1
604,8,10,1
604,8,10,5
604,10,15,6
604,10,15,6
604,10,14,1
604,10,15,6
604,10,14,1
604,10,15,2
604,10,15,5
604,10,14,5
604,10,14,5
604,10,15,2
604,10,14,1
604,10,14,5
604,10,14,1
604,10,14,1
604,10,14,1
604,10,14,5
604,10,14,1
604,10,14,1
604,10,14,1
604,10,15,2
604,10,14,5
604,10,14,5
604,10,14,1
604,10,15,6
604,10,14,5
604,10,14,1
604,10,14,1
604,10,15,6
604,10,14,5
604,10,15,2
604,10,14,1
604,10,14,5
604,10,14,5
604,10,14,1
604,10,15,1
604,10,14,5
604,10,14,1
604,10,14,1
604,10,15,2
604,10,15,6
604,10,15,5
604,10,14,1
604,10,14,1
604,10,15,2
604,10,15,6
604,10,14,1
604,10,14,1
604,10,15,6
604,10,14,5
604,10,14,1
604,11,17,6
604,11,17,6
604,11,16,5
604,11,16,1
604,11,16,1
604,11,17,2
604,11,16,1
604,11,17,2
604,11,16,1
604,11,17,2
604,11,17,2
604,11,16,5
604,11,16,5
604,11,17,6
604,11,16,1
604,11,16,1
604,11,16,1
604,11,17,6
604,11,16,1
604,11,17,2
604,11,17,2
604,11,16,1
604,11,16,1
604,11,17,2
604,11,17,6
604,11,17,2
604,11,17,6
604,11,17,2
604,11,16,5
604,11,16,5
604,11,17,2
604,11,17,6
604,11,17,6
604,11,17,2
604,11,17,2
604,11,16,5
604,11,16,1
604,11,16,5
604,11,17,2
604,11,16,5
604,11,17,2
604,11,17,6
604,11,16,1
604,11,16,1
604,11,17,5
604,11,16,5
604,11,17,2
604,11,17,6
604,11,17,2
604,11,16,1
604,9,13,2
604,9,13,6
604,9,13,6
604,9,13,2
604,9,13,2
604,9,13,2
604,9,12,1
604,9,12,1
604,9,13,2
604,9,12,5
604,9,12,1
604,9,13,2
612,9,13,5
604,9,12,1
612,9,12,2
604,9,13,6
604,9,13,6
612,9,12,1
604,9,12,1
604,9,13,6
604,9,12,5
604,9,12,1
604,9,12,1
604,9,12,5
604,9,13,6
604,9,13,2
604,9,13,2
604,9,13,2
604,9,12,1
604,9,13,2
604,9,12,5
604,9,13,6
604,9,13,6
604,9,12,5
604,9,12,5
604,9,13,2
604,9,13,6
604,9,12,1
604,9,12,1
604,9,12,5
604,9,12,5
604,9,12,1
604,9,12,1
604,9,13,2
604,9,13,2
604,9,12,1
604,9,13,2
604,9,12,1
604,9,12,1
604,9,13,2
604,9,13,6
604,9,12,5
604,9,12,5
612,9,12,1
612,9,12,5
612,9,13,2
612,9,13,6
612,9,12,5
612,9,13,6
612,9,13,2
612,9,12,1
612,9,13,2
612,9,13,2
612,9,13,2
612,9,12,1
612,9,13,6
612,9,13,6
612,9,12,1
612,9,13,2
612,9,13,6
612,9,13,6
612,9,13,6
612,9,12,5
612,9,13,2
612,9,12,5
612,9,12,6
612,9,13,6
612,9,12,5
612,9,12,5
612,9,13,6
612,9,13,6
612,9,12,1
612,9,13,2
612,9,12,5
612,9,13,2
612,9,12,1
612,9,13,6
612,9,13,2
612,9,13,2
612,9,13,2
612,9,12,5
612,9,12,5
612,9,12,5
612,9,13,6
612,9,12,1
612,9,13,2
612,9,13,2
612,9,12,1
612,9,13,6
612,9,12,5
612,10,15,2
612,10,14,1
612,10,15,6
612,10,14,5
612,10,14,1
612,10,15,6
612,10,14,5
612,10,14,1
612,10,14,5
612,10,14,5
612,10,15,6
612,10,15,6
612,10,15,6
612,10,15,2
612,10,14,6
612,10,14,5
612,10,15,2
612,10,14,5
612,10,14,5
612,10,15,2
612,10,15,2
612,10,14,5
612,10,15,2
612,10,15,6
612,10,15,2
612,10,15,2
612,10,14,1
612,10,14,5
612,10,15,2
612,10,14,5
612,10,15,6
612,10,14,1
612,10,15,2
612,10,14,5
612,10,14,1
612,10,15,2
612,10,14,1
612,10,14,5
612,10,14,1
612,10,15,2
612,10,15,6
612,10,14,5
612,10,14,5
612,10,15,6
612,10,15,2
612,10,15,6
612,10,14,5
612,10,15,6
612,10,14,5
612,10,15,6
612,11,17,6
612,11,17,2
612,11,17,2
612,11,16,1
612,11,16,5
612,11,17,2
612,11,17,2
612,11,17,2
612,11,17,2
612,11,17,6
612,11,16,1
612,11,17,2
612,11,16,5
612,11,17,6
612,11,17,2
612,11,16,1
612,11,16,1
612,11,16,5
612,11,16,5
612,11,16,5
612,11,17,2
612,11,17,6
612,11,17,6
612,11,16,5
612,11,17,2
612,11,17,6
612,11,17,6
612,11,17,6
612,11,17,2
612,11,17,6
612,11,16,5
612,11,17,2
612,11,17,2
612,11,16,5
612,11,17,2
612,11,17,2
612,11,17,2
612,11,17,2
612,11,16,5
612,11,17,6
612,11,17,6
612,11,16,5
612,11,17,2
612,11,17,6
612,11,17,2
612,11,16,5
612,11,16,5
612,11,16,1
612,11,17,2
612,11,16,1
612,8,10,5
612,8,11,6
612,8,10,1
612,8,11,6
612,8,10,5
612,8,10,1
612,8,10,1
612,8,11,6
612,8,10,1
612,8,11,6
612,8,11,2
612,8,11,2
612,8,11,2
612,8,10,5
612,8,10,5
612,8,11,6
612,8,11,6
612,8,10,1
612,8,11,2
612,8,11,2
612,8,10,1
612,8,11,6
612,8,10,1
612,8,10,1
612,8,10,1
612,8,10,1
612,8,11,6
612,8,11,6
612,8,11,6
612,8,11,2
612,8,10,5
612,8,11,6
612,8,10,1
612,8,10,1
612,8,11,6
612,8,11,6
612,8,11,2
612,8,10,5
612,8,10,1
612,8,11,6
612,8,10,5
612,8,10,1
612,8,10,1
612,8,11,2
612,8,10,1
612,8,10,1
612,8,11,2
612,8,11,5
612,8,10,1
612,8,11,2
621,11,16,5
621,11,16,1
621,11,16,1
621,11,16,2
621,11,16,1
621,11,16,2
621,11,16,1
621,11,16,2
621,11,16,1
621,11,16,2
621,11,16,6
621,11,16,1
621,11,16,2
621,11,16,5
621,11,16,1
621,11,16,5
621,11,16,6
621,11,16,6
621,11,16,2
621,11,16,5
621,11,16,5
621,11,16,6
621,11,16,1
621,11,16,1
621,11,16,5
621,11,16,6
621,11,16,2
621,11,16,2
621,11,16,6
621,11,16,2
621,11,16,6
621,11,16,2
621,11,16,6
621,11,16,6
621,11,16,5
621,11,16,6
621,11,16,1
621,11,16,6
621,11,16,2
621,11,16,1
621,11,16,2
621,11,16,5
621,11,16,5
621,11,16,6
621,11,16,6
621,11,16,1
621,11,16,1
621,11,16,2
621,11,16,1
621,11,16,6
621,9,12,5
621,9,12,5
621,9,12,5
621,9,12,6
621,9,12,6
621,9,12,1
621,9,12,5
621,9,12,1
621,9,12,1
621,9,12,1
621,9,12,2
621,9,12,2
621,9,12,1
621,9,12,6
621,9,12,1
621,9,12,5
621,9,12,2
621,9,12,5
621,9,12,2
621,9,12,6
621,9,12,5
621,9,12,2
621,9,12,2
621,9,12,1
621,9,12,1
621,9,12,2
621,9,12,5
621,9,12,1
621,9,12,5
621,9,12,1
621,9,12,6
621,9,12,6
621,9,12,6
621,9,12,2
621,9,12,5
621,9,12,6
621,9,12,5
621,9,12,6
621,9,12,2
621,9,12,6
621,9,12,2
621,9,12,5
621,9,12,1
621,9,12,6
621,9,12,5
621,9,12,5
621,9,12,1
621,9,12,5
621,9,12,1
621,9,12,1
621,10,14,5
621,10,14,1
621,10,14,2
621,10,14,1
621,10,14,2
621,10,14,2
621,10,14,6
621,10,14,2
621,10,14,5
621,10,14,6
621,10,14,6
621,10,14,6
621,10,14,5
621,10,14,5
621,10,14,2
621,10,14,1
621,10,14,2
621,10,14,5
621,10,14,2
621,10,14,1
621,10,14,1
621,10,14,1
621,10,14,1
621,10,14,2
621,10,14,2
621,10,14,1
621,10,14,5
621,10,14,5
621,10,14,1
621,10,14,5
621,10,14,5
621,10,14,6
621,10,14,2
621,10,14,1
621,10,14,2
621,10,14,6
621,10,14,1
621,10,14,1
621,10,14,1
621,10,14,1
621,10,14,5
621,10,14,5
621,10,14,1
621,10,14,5
621,10,14,6
621,10,14,2
621,10,14,6
621,10,14,2
621,10,14,1
621,10,14,2
621,8,10,1
621,8,10,6
621,8,10,6
621,8,10,6
621,8,10,6
621,8,10,2
621,8,10,5
621,8,10,2
621,8,10,6
621,8,10,1
621,8,10,2
621,8,10,2
621,8,10,1
621,8,10,6
621,8,10,5
621,8,10,5
621,8,10,1
621,8,10,6
621,8,10,6
621,8,10,1
621,8,10,2
621,8,10,6
621,8,10,2
621,8,10,1
621,8,10,6
621,8,10,6
621,8,10,1
621,8,10,2
621,8,10,2
621,8,10,2
621,8,10,5
621,8,10,5
621,8,10,1
621,8,10,6
621,8,10,5
621,8,10,2
621,8,10,5
621,8,10,2
621,8,10,2
621,8,10,2
621,8,10,1
621,8,10,2
621,8,10,5
621,8,10,6
621,8,10,1
621,8,10,2
621,8,10,6
621,8,10,2
621,8,10,2
621,8,10,1
605,10,14,5
605,10,15,2
605,10,14,2
605,10,14,6
605,10,14,5
605,10,14,1
605,10,14,2
605,10,14,1
605,10,15,2
605,10,14,2
605,10,14,5
605,10,14,6
605,10,14,2
605,10,14,1
605,10,14,2
605,10,14,2
605,10,14,2
605,10,14,5
605,10,14,5
605,10,14,2
605,10,14,1
605,10,14,2
605,10,14,1
605,10,14,2
605,10,14,1
605,10,14,6
605,10,14,2
605,10,14,1
605,10,14,2
605,10,14,5
605,10,14,6
605,10,14,6
605,10,14,6
605,10,14,6
605,10,14,1
605,10,14,2
605,10,14,1
605,10,14,1
605,10,14,1
605,10,15,6
605,10,14,1
605,10,15,2
605,10,14,5
605,10,14,2
605,10,14,1
605,10,14,5
605,10,14,1
605,10,14,6
605,10,14,5
605,10,14,5
605,8,11,2
605,8,11,6
605,8,10,5
605,8,11,2
605,8,10,2
605,8,10,6
605,8,10,6
605,8,10,1
605,8,10,2
605,8,10,6
605,8,10,6
605,8,10,2
605,8,11,6
605,8,11,6
605,8,11,2
605,8,11,6
605,8,11,5
605,8,11,1
605,8,11,6
605,8,11,5
605,8,11,1
605,8,11,2
605,8,11,6
605,8,11,6
605,8,11,5
605,8,11,5
605,8,11,6
605,8,11,6
605,8,11,6
605,8,10,1
605,8,11,2
605,8,11,1
605,8,11,1
605,8,11,2
605,8,11,2
605,8,11,2
605,8,10,5
605,8,11,5
605,8,11,6
605,8,11,6
605,8,11,2
605,8,11,2
605,8,11,6
605,8,11,2
605,8,11,6
605,8,11,6
605,8,11,1
605,8,10,1
605,8,10,1
605,8,11,2
605,11,16,2
605,11,16,1
605,11,17,2
605,11,16,5
605,11,16,2
605,11,16,1
605,11,17,6
605,11,16,5
605,11,17,6
605,11,16,1
605,11,17,2
605,11,16,1
605,11,17,6
605,11,17,6
605,11,16,5
605,11,16,1
605,11,17,6
605,11,16,5
605,11,17,6
605,11,17,2
605,11,16,5
605,11,16,1
605,11,16,1
605,11,17,6
605,11,16,1
605,11,16,2
605,11,17,2
605,11,17,6
605,11,16,5
605,11,17,6
605,11,17,2
605,11,17,2
605,11,16,1
605,11,16,1
605,11,16,5
605,11,16,5
605,11,16,1
605,11,16,1
605,11,16,5
605,11,17,2
605,11,17,6
605,11,17,6
605,11,16,1
605,11,17,6
605,11,16,5
605,11,16,1
605,11,17,6
605,11,16,1
605,11,17,6
605,11,17,2
605,9,12,5
605,9,12,1
605,9,13,2
605,9,12,1
605,9,13,2
605,9,12,1
605,9,12,1
605,9,13,2
605,9,13,5
605,9,13,6
605,9,13,6
605,9,13,6
605,9,13,6
605,9,13,6
605,9,13,5
605,9,13,6
605,9,13,2
605,9,13,6
605,9,13,2
605,9,13,6
605,9,13,2
605,9,13,6
605,9,13,2
605,9,13,2
605,9,13,2
605,9,12,1
605,9,12,5
605,9,13,2
605,9,12,1
605,9,13,6
605,9,13,6
605,9,12,1
605,9,13,2
605,9,13,6
605,9,12,1
605,9,13,2
605,9,13,2
605,9,12,5
605,9,12,5
605,9,13,2
605,9,13,6
605,9,13,6
605,9,13,5
605,9,13,5
605,9,13,2
605,9,12,1
605,9,13,2
605,9,13,6
605,9,12,1
605,9,13,2
624,8,10,1
624,8,10,1
624,8,10,2
624,8,10,2
624,8,10,2
624,8,10,2
624,8,11,5
624,8,11,6
624,8,11,5
624,8,10,2
624,8,10,2
624,8,11,6
624,8,10,1
624,8,11,6
624,8,10,2
624,8,11,2
624,8,10,1
624,8,10,2
624,8,10,1
624,8,11,5
624,8,11,5
624,8,11,5
624,8,11,6
624,8,10,2
619,11,16,2
619,11,16,2
624,8,11,6
619,11,17,5
624,8,11,6
619,11,17,5
624,8,10,2
619,11,16,2
624,8,11,5
619,11,16,1
624,8,10,1
619,11,16,1
624,8,11,5
619,11,16,1
624,8,10,1
619,11,16,1
624,8,10,2
619,11,16,2
624,8,10,2
619,11,16,1
624,8,10,1
619,11,16,2
624,8,11,6
619,11,17,6
624,8,10,1
619,11,16,1
624,8,10,2
624,8,11,6
619,11,17,2
619,11,17,2
624,8,11,6
619,11,17,5
624,8,11,6
619,11,17,6
624,8,10,1
619,11,17,5
624,8,11,6
619,11,16,2
624,8,11,5
619,11,17,6
624,8,10,1
619,11,16,1
624,8,10,2
619,11,16,1
624,8,10,1
619,11,16,1
624,8,10,2
619,11,16,2
624,8,10,2
619,11,16,2
624,8,10,1
619,11,16,1
624,8,10,2
619,11,16,2
624,11,16,5
619,11,17,6
624,11,17,6
619,11,16,1
624,11,17,2
624,11,16,1
619,11,16,1
619,11,17,5
624,11,16,1
619,11,16,1
624,11,17,2
619,11,17,5
624,11,16,5
619,11,17,5
619,11,17,5
624,11,16,5
619,11,17,5
624,11,16,1
619,11,17,6
624,11,16,1
619,11,16,1
624,11,17,2
619,11,17,2
624,11,17,6
619,11,17,5
624,11,16,5
619,11,17,5
624,11,16,5
619,11,16,1
624,11,17,6
619,11,16,2
624,11,17,2
619,11,17,5
624,11,17,2
619,11,17,5
619,11,16,2
624,11,17,2
619,11,16,2
624,11,16,5
619,11,16,1
619,11,17,6
624,11,17,2
619,10,15,5
624,11,17,6
619,10,14,2
624,11,16,5
624,11,17,6
619,10,14,2
624,11,16,1
624,11,16,5
619,10,15,5
624,11,17,2
619,10,14,6
624,11,17,6
619,10,14,6
624,11,16,1
619,10,14,2
619,10,14,1
624,11,16,5
619,10,15,6
619,10,15,5
624,11,16,5
624,11,16,5
619,10,14,1
624,11,17,6
619,10,14,1
619,10,15,5
624,11,16,1
619,10,14,2
624,11,16,1
619,10,15,5
619,10,15,5
624,11,16,2
619,10,15,6
624,11,16,1
619,10,15,6
624,11,17,6
619,10,15,6
624,11,17,6
619,10,14,1
624,11,16,1
619,10,14,2
624,11,17,6
619,10,15,5
624,11,17,6
619,10,15,6
624,11,17,2
619,10,14,2
624,11,16,1
619,10,14,2
624,11,17,6
619,10,15,6
624,11,17,2
619,10,14,1
624,11,16,5
619,10,14,1
619,10,15,6
619,10,14,2
624,11,17,2
624,11,16,1
619,10,14,2
619,10,14,1
624,11,16,5
619,10,14,2
624,11,17,6
619,10,14,1
624,9,12,5
619,10,14,2
619,10,15,6
624,9,13,2
624,9,13,6
624,9,12,1
624,9,13,6
624,9,12,1
619,10,14,1
619,10,15,5
624,9,13,6
619,10,15,6
619,10,15,5
624,9,13,6
619,10,14,1
624,9,13,5
619,10,14,5
624,9,13,2
619,10,15,6
624,9,13,6
619,10,14,2
624,9,13,2
619,10,15,6
624,9,12,5
619,10,15,5
619,10,14,1
619,10,15,6
624,9,13,6
619,10,14,1
624,9,13,5
619,10,14,1
624,9,13,6
619,8,10,1
619,8,11,5
624,9,13,2
619,8,11,5
624,9,13,6
619,8,11,6
624,9,13,6
619,8,11,5
624,9,13,2
619,8,10,2
624,9,13,2
619,8,10,2
624,9,13,6
619,8,11,5
624,9,13,2
619,8,10,2
619,8,10,1
624,9,13,5
619,8,11,5
624,9,13,6
619,8,11,5
624,9,12,5
619,8,10,2
624,9,12,1
619,8,11,5
624,9,12,5
619,8,11,5
624,9,13,5
619,8,11,5
624,9,13,6
619,8,10,1
624,9,13,5
619,8,10,1
624,9,13,6
619,8,11,5
624,9,12,1
619,8,10,1
624,9,12,5
619,8,10,1
624,9,13,6
619,8,10,2
624,9,12,5
619,8,10,1
624,9,12,5
619,8,10,1
619,8,10,2
624,9,13,2
619,8,11,5
624,9,12,1
619,8,11,6
624,9,12,5
619,8,10,2
624,9,13,6
619,8,10,2
624,9,13,6
619,8,11,6
624,9,12,5
619,8,10,1
624,9,12,5
619,8,10,1
624,9,12,5
619,8,11,6
624,9,13,6
619,8,10,1
619,8,10,2
619,8,10,2
619,8,10,2
619,8,11,5
619,8,11,5
619,8,10,1
619,8,10,1
619,8,11,6
619,8,10,1
619,8,10,1
619,8,10,1
619,8,10,2
619,8,11,5
619,8,10,2
619,8,10,1
619,8,11,6
619,9,12,1
619,9,13,5
619,9,12,2
619,9,13,6
619,9,13,5
619,9,12,1
619,9,13,5
619,9,13,5
619,9,13,5
619,9,12,1
619,9,13,6
619,9,12,2
619,9,12,2
619,9,13,6
619,9,13,6
619,9,12,2
619,9,13,6
619,9,13,5
619,9,13,5
619,9,13,6
619,9,12,1
619,9,12,2
619,9,13,6
619,9,12,6
619,9,13,2
619,9,13,5
619,9,13,6
619,9,13,5
619,9,13,6
619,9,13,6
619,9,13,6
619,9,13,6
619,9,12,2
619,9,13,5
619,9,12,2
619,9,13,5
619,9,12,1
619,9,13,5
619,9,12,2
619,9,13,5
619,9,12,2
619,9,12,1
619,9,13,5
619,9,13,6
619,9,13,6
619,9,13,5
619,9,12,1
619,9,12,2
619,9,13,6
619,9,13,6
624,9,13,2
624,9,13,2
624,9,13,2
624,9,12,1
624,10,14,5
624,10,15,2
624,10,15,2
624,10,14,1
624,10,14,5
624,10,14,5
624,10,14,5
624,10,15,2
624,10,15,6
624,10,15,2
624,10,15,6
624,10,14,5
624,10,14,1
624,10,15,6
624,10,14,1
624,10,15,2
624,10,15,2
624,10,15,2
624,10,15,6
624,10,15,6
624,10,15,2
624,10,14,1
624,10,15,2
624,10,14,5
624,10,15,6
624,10,14,1
624,10,14,5
624,10,15,2
624,10,15,2
624,10,14,1
624,10,15,6
624,10,15,2
624,10,15,2
624,10,15,6
624,10,14,1
624,10,14,5
624,10,14,1
624,10,14,1
624,10,14,5
624,10,14,1
624,10,15,2
624,10,15,6
624,10,14,1
624,10,15,6
624,10,15,6
624,10,14,1
624,10,15,6
624,10,14,5
624,10,14,1
624,10,14,5
617,9,13,5
617,9,13,2
617,9,12,1
617,9,12,1
617,9,12,1
617,9,12,1
617,9,13,6
617,9,12,5
617,9,13,6
617,9,12,1
617,9,13,6
617,9,13,2
617,9,13,2
617,9,12,5
617,9,13,2
617,9,12,5
617,9,12,5
617,9,12,5
617,9,12,5
617,9,12,1
617,9,12,5
617,9,12,1
617,9,12,1
617,9,13,2
617,9,13,2
617,9,12,5
617,9,12,1
617,9,12,5
617,9,12,5
617,9,12,5
617,9,12,1
617,9,13,2
617,9,12,5
617,9,12,1
617,9,13,2
617,9,12,6
617,9,13,6
617,9,12,1
617,9,12,2
617,9,12,5
617,9,13,6
617,9,12,1
617,9,12,5
617,9,12,5
617,9,12,5
617,9,13,2
617,9,13,6
617,9,13,2
617,9,12,5
617,9,12,1
617,11,17,6
617,11,16,5
617,11,16,1
617,11,16,5
617,11,16,5
617,11,17,6
617,11,16,1
617,11,17,2
617,11,16,1
617,11,17,2
617,11,17,2
617,11,16,1
617,11,17,2
617,11,16,5
617,11,16,5
617,11,16,5
617,11,16,1
617,11,17,6
617,11,16,1
617,11,17,2
617,11,17,6
617,11,17,2
617,11,16,1
617,11,17,6
617,11,16,2
617,11,17,6
617,11,16,1
617,11,17,6
617,11,17,2
617,11,17,2
617,11,17,2
617,11,17,6
617,11,16,2
617,11,17,6
617,11,17,5
617,11,17,6
617,11,17,6
617,11,17,6
617,11,16,1
617,11,16,1
617,11,16,5
617,11,16,5
617,11,16,5
617,11,16,1
617,11,16,5
617,11,16,1
617,11,16,5
617,11,17,2
617,11,17,5
617,11,16,5
617,8,10,5
617,8,11,6
617,8,11,5
617,8,11,6
617,8,11,6
617,8,10,2
617,8,11,6
617,8,11,6
617,8,11,6
617,8,10,2
617,8,11,2
617,8,11,1
617,8,11,2
617,8,11,6
617,8,11,6
617,8,11,6
617,8,10,2
617,8,11,6
617,8,10,1
617,8,11,6
617,8,11,2
617,8,10,5
617,8,10,6
617,8,11,6
617,8,11,6
617,8,10,2
617,8,11,6
617,8,10,1
617,8,11,2
617,8,10,5
617,8,10,1
617,8,10,5
617,8,10,5
617,8,11,6
617,8,11,6
617,8,11,6
617,8,10,2
617,8,10,5
617,8,10,2
617,8,11,2
617,8,11,2
617,8,11,2
617,8,11,6
617,8,10,5
617,8,10,5
617,8,10,1
617,8,11,1
617,8,10,5
617,8,11,6
617,8,10,1
617,10,14,2
617,10,15,2
617,10,14,5
617,10,15,2
617,10,14,6
617,10,15,2
617,10,14,5
617,10,15,5
617,10,14,2
617,10,15,6
617,10,14,5
617,10,15,1
617,10,14,6
617,10,15,1
617,10,14,2
617,10,15,6
617,10,14,2
617,10,15,1
617,10,14,2
617,10,15,6
617,10,14,6
617,10,15,2
617,10,14,5
617,10,15,6
617,10,14,6
617,10,15,5
617,10,14,1
617,10,15,2
617,10,14,6
617,10,15,1
617,10,14,6
617,10,15,5
617,10,14,2
617,10,15,2
617,10,14,6
617,10,15,5
617,10,14,2
617,10,15,5
617,10,14,2
617,10,15,5
617,10,14,6
617,10,15,5
617,10,14,1
617,10,15,5
617,10,14,6
617,10,15,1
617,10,14,5
617,10,15,2
617,10,14,5
617,10,15,1
622,10,14,1
622,10,15,2
622,10,14,6
622,10,14,5
622,10,15,5
622,10,14,5
622,10,15,2
622,10,14,1
622,10,15,6
622,10,15,5
622,10,14,2
622,10,15,5
622,10,15,2
622,10,14,2
622,10,15,6
622,10,15,1
622,10,15,1
622,10,14,1
622,10,15,6
622,10,14,1
622,10,15,5
622,10,15,6
622,10,14,2
622,10,14,5
622,10,14,2
622,10,15,1
622,10,15,6
622,10,15,1
622,10,14,1
622,10,15,6
622,10,15,6
622,10,15,6
622,10,15,6
622,10,15,5
622,10,14,2
622,10,14,5
622,10,14,1
622,10,15,5
622,10,14,1
622,10,14,1
622,10,14,1
622,10,14,1
622,10,15,1
622,10,14,2
622,10,15,6
622,10,14,1
622,10,14,2
622,10,15,2
622,10,14,2
622,10,15,6
622,11,16,5
622,11,17,5
622,11,16,1
622,11,17,6
622,11,16,2
622,11,16,5
622,11,17,5
622,11,17,2
622,11,16,6
622,11,17,1
622,11,17,6
622,11,16,2
622,11,17,5
622,11,17,5
622,11,16,2
622,11,17,5
622,11,16,2
622,11,17,1
622,11,16,1
622,11,17,5
622,11,17,6
622,11,17,6
622,11,17,2
622,11,16,6
622,11,17,6
622,11,16,5
622,11,16,6
622,11,16,6
622,11,17,5
622,11,16,2
622,11,16,5
622,11,17,5
622,11,17,6
622,11,16,1
622,11,16,1
622,11,16,5
622,11,17,6
622,11,16,5
622,11,16,2
622,11,16,2
622,11,17,2
622,11,16,2
622,11,17,1
622,11,16,6
622,11,17,1
622,11,16,5
622,11,16,5
622,11,17,5
622,11,17,5
622,11,16,5
622,8,10,6
622,8,11,6
622,8,11,6
622,8,10,5
622,8,11,5
622,8,10,1
622,8,10,5
622,8,11,5
622,8,11,6
622,8,10,2
622,8,11,5
622,8,10,2
622,8,11,5
622,8,11,6
622,8,10,1
622,8,11,6
622,8,10,5
622,8,10,1
622,8,11,2
622,8,10,1
622,8,11,1
622,8,11,2
622,8,10,5
622,8,10,6
622,8,11,5
622,8,10,1
622,8,11,5
622,8,10,2
622,8,10,6
622,8,10,2
622,8,10,2
622,8,11,6
622,8,10,6
622,8,10,1
622,8,11,6
622,8,11,5
622,8,10,2
622,8,10,6
622,8,10,1
622,8,11,6
622,8,10,1
622,8,11,5
622,8,10,1
622,8,10,6
622,8,11,5
622,8,10,2
622,8,11,6
622,8,10,2
622,8,11,5
622,8,10,5
622,9,12,1
622,9,12,2
622,9,13,5
622,9,13,2
622,9,12,2
622,9,12,6
622,9,13,1
622,9,12,5
622,9,13,5
622,9,12,1
622,9,12,6
622,9,13,2
622,9,13,5
622,9,13,6
622,9,13,6
622,9,13,2
622,9,12,6
622,9,13,5
622,9,13,5
622,9,12,1
622,9,12,1
622,9,12,1
622,9,12,5
622,9,13,5
622,9,13,2
622,9,13,6
622,9,13,2
622,9,13,5
622,9,12,2
622,9,12,2
622,9,12,2
622,9,12,6
622,9,12,5
622,9,13,6
622,9,13,5
622,9,12,2
622,9,12,1
622,9,12,1
622,9,13,1
622,9,13,6
622,9,12,1
622,9,13,6
622,9,13,2
622,9,12,2
622,9,13,5
622,9,13,5
622,9,13,6
622,9,12,5
622,9,13,5
622,9,13,5
614,9,13,1
614,9,13,2
614,9,13,5
614,9,13,2
614,9,13,2
614,9,13,6
614,9,12,5
614,9,13,6
614,9,13,2
614,9,13,6
614,9,13,2
614,9,13,6
614,9,13,2
614,9,12,1
614,9,13,6
614,9,13,6
614,9,13,5
614,9,12,2
614,9,13,6
614,9,12,1
614,9,13,6
614,9,12,6
614,9,13,2
614,9,13,5
614,9,13,2
614,9,13,2
614,9,12,5
614,9,13,2
614,9,12,1
614,9,13,5
614,9,13,6
614,9,12,2
614,9,12,5
614,9,12,6
614,9,12,1
614,9,12,1
614,9,13,5
614,9,12,1
614,9,13,2
614,9,13,6
614,9,13,5
614,9,12,1
614,9,13,6
614,9,13,6
614,9,13,6
614,9,13,2
614,9,12,5
614,9,12,5
614,9,13,2
614,9,13,6
614,8,10,1
614,8,11,2
614,8,11,2
614,8,11,1
614,8,11,2
614,8,11,5
614,8,11,2
614,8,10,6
614,8,10,1
614,8,11,5
614,8,10,6
614,8,10,5
614,8,10,5
614,8,10,5
614,8,11,6
614,8,11,6
614,8,10,1
614,8,10,5
614,8,11,6
614,8,10,5
614,8,10,1
614,8,10,1
614,8,11,1
614,8,11,6
614,8,11,6
614,8,10,2
614,8,10,5
614,8,11,6
614,8,10,5
614,8,10,2
614,8,11,1
614,8,10,1
614,8,10,2
614,8,10,5
614,8,10,1
614,8,10,2
614,8,11,2
614,8,10,1
614,8,10,1
614,8,11,2
614,8,11,2
614,8,10,5
614,8,10,2
614,8,11,6
614,8,10,5
614,8,10,2
614,8,10,2
614,8,11,6
614,8,11,6
614,8,10,2
614,10,14,5
614,10,15,6
614,10,14,5
614,10,15,6
614,10,14,5
614,10,14,6
614,10,15,5
614,10,14,2
614,10,14,6
614,10,14,2
614,10,15,6
614,10,14,2
614,10,14,1
614,10,15,2
614,10,14,5
614,10,15,6
614,10,14,2
614,10,15,6
614,10,14,2
614,10,14,1
614,10,14,2
614,10,14,2
614,10,15,6
614,10,14,5
614,10,14,1
614,10,15,5
614,10,14,2
614,10,14,1
614,10,15,6
614,10,14,1
614,10,14,2
614,10,15,5
614,10,15,6
614,10,14,2
614,10,15,5
614,10,15,2
614,10,14,2
614,10,15,1
614,10,15,2
614,10,15,2
614,10,15,6
614,10,14,1
614,10,14,2
614,10,15,2
614,10,14,1
614,10,15,2
614,10,14,1
614,10,15,2
614,10,15,6
614,10,15,1
614,11,17,2
614,11,16,5
614,11,16,1
614,11,17,2
614,11,17,6
614,11,16,2
614,11,17,1
614,11,16,1
614,11,16,1
614,11,16,1
614,11,17,6
614,11,17,1
614,11,16,6
614,11,17,5
614,11,16,1
614,11,17,2
614,11,17,5
614,11,17,6
614,11,16,1
614,11,16,5
614,11,17,6
614,11,16,1
614,11,16,5
614,11,17,6
614,11,17,5
614,11,16,5
614,11,16,2
614,11,16,2
614,11,17,2
614,11,17,1
614,11,17,5
614,11,16,1
614,11,17,1
614,11,17,6
614,11,17,2
614,11,16,6
614,11,16,2
614,11,16,2
614,11,16,2
614,11,17,5
614,11,16,6
614,11,16,2
614,11,16,2
614,11,17,1
614,11,16,1
614,11,16,5
614,11,16,6
614,11,17,6
614,11,16,1
614,11,17,2
613,8,11,5
613,8,11,6
613,8,11,1
613,8,10,1
613,8,11,5
613,8,11,6
613,8,10,5
613,8,11,2
613,8,11,2
613,8,10,1
613,8,10,6
613,8,11,2
613,8,10,5
613,8,11,5
613,8,11,1
613,8,11,2
613,8,10,6
613,8,10,1
613,8,11,6
613,8,11,2
613,8,10,6
613,8,11,5
613,8,11,1
613,8,11,5
613,8,10,5
613,8,11,1
613,8,10,1
613,8,11,5
613,8,10,2
613,8,11,2
613,8,10,2
613,8,10,2
613,8,11,6
613,8,10,5
613,8,10,2
613,8,10,5
613,8,11,2
613,8,11,6
613,8,11,1
613,8,11,5
613,8,11,6
613,8,11,1
613,8,11,1
613,8,10,6
613,8,11,5
613,8,10,1
613,8,10,1
613,8,11,5
613,8,10,2
613,8,11,5
613,10,14,5
613,10,14,5
613,10,14,2
613,10,14,1
613,10,15,2
613,10,15,1
613,10,14,1
613,10,14,5
613,10,15,6
613,10,14,2
613,10,15,2
613,10,15,2
613,10,14,6
613,10,15,1
613,10,15,6
613,10,14,1
613,10,15,1
613,10,14,1
613,10,14,1
613,10,15,2
613,10,15,5
613,10,15,5
613,10,14,5
613,10,14,1
613,10,15,2
613,10,14,2
613,10,14,1
613,10,15,5
613,10,14,2
613,10,15,2
613,10,14,1
613,10,15,5
613,10,14,5
613,10,15,2
613,10,14,2
613,10,14,6
613,10,15,2
613,10,14,2
613,10,14,5
613,10,14,5
613,10,15,6
613,10,14,6
613,10,15,2
613,10,14,5
613,10,14,2
613,10,15,5
613,10,15,6
613,10,14,1
613,10,14,5
613,10,15,6
613,9,12,6
613,9,13,2
613,9,12,5
613,9,13,6
613,9,13,2
613,9,13,2
613,9,13,2
613,9,12,6
613,9,13,6
613,9,12,1
613,9,12,1
613,9,13,2
613,9,13,5
613,9,12,5
613,9,12,5
613,9,13,6
613,9,12,5
613,9,12,6
613,9,13,1
613,9,12,6
613,9,12,2
613,9,13,1
613,9,12,1
613,9,12,2
613,9,13,6
613,9,12,2
613,9,13,6
613,9,13,6
613,9,12,1
613,9,13,6
613,9,13,2
613,9,12,2
613,9,12,1
613,9,13,6
613,9,12,1
613,9,12,1
613,9,13,5
613,9,12,2
613,9,13,1
613,9,12,6
613,9,13,6
613,9,12,6
613,9,12,5
613,9,12,2
613,9,12,1
613,9,12,1
613,9,12,6
613,9,13,5
613,9,13,6
613,9,13,1
613,11,16,2
613,11,16,2
613,11,17,1
613,11,16,6
613,11,17,2
613,11,16,1
613,11,16,2
613,11,16,5
613,11,17,6
613,11,16,5
613,11,16,5
613,11,16,6
613,11,16,1
613,11,16,1
613,11,17,2
613,11,17,6
613,11,17,1
613,11,17,2
613,11,16,5
613,11,17,2
613,11,17,6
613,11,17,5
613,11,16,6
613,11,17,5
613,11,16,5
613,11,17,2
613,11,16,5
613,11,17,5
613,11,17,2
613,11,17,2
613,11,16,6
613,11,16,2
613,11,16,5
613,11,16,1
613,11,17,6
613,11,17,5
613,11,16,2
613,11,16,6
613,11,16,5
613,11,17,5
613,11,16,6
613,11,16,2
613,11,16,1
613,11,16,1
613,11,16,1
613,11,16,5
613,11,16,6
613,11,16,2
613,11,17,6
613,11,17,2
611,9,13,6
611,9,13,2
611,9,12,5
611,9,12,6
611,9,13,2
611,9,12,1
611,9,12,5
611,9,13,6
611,9,13,6
611,9,13,6
611,9,13,2
611,9,12,5
611,9,13,6
611,9,12,5
611,9,12,1
611,9,12,5
611,9,13,5
611,9,13,2
611,9,12,5
611,9,13,6
611,9,13,2
611,9,13,2
611,9,13,2
611,9,12,6
611,9,13,5
611,9,12,5
611,9,13,5
611,9,12,1
611,9,12,6
611,9,13,2
611,9,12,6
611,9,13,2
611,9,13,6
611,9,12,5
611,9,13,2
611,9,13,2
611,9,12,5
611,9,13,5
611,9,12,5
611,9,13,5
611,9,12,6
611,9,13,5
611,9,13,2
611,9,12,6
611,9,13,6
611,9,12,5
611,9,12,1
611,9,12,1
611,9,12,1
611,9,13,5
611,8,10,6
611,8,11,2
611,8,10,2
611,8,11,2
611,8,11,6
611,8,10,1
611,8,11,1
611,8,10,1
611,8,10,5
611,8,11,1
611,8,11,6
611,8,10,6
611,8,11,1
611,8,11,5
611,8,10,2
611,8,10,5
611,8,11,6
611,8,10,6
611,8,11,5
611,8,10,1
611,8,11,1
611,8,10,1
611,8,11,1
611,8,10,5
611,8,11,2
611,8,10,6
611,8,11,2
611,8,10,1
611,8,11,6
611,8,10,1
611,8,11,2
611,8,10,1
611,8,11,6
611,8,10,6
611,8,11,6
611,8,11,6
611,8,10,5
611,8,11,2
611,8,10,5
611,8,11,6
611,8,10,2
611,8,11,1
611,8,10,1
611,8,10,2
611,8,11,2
611,8,10,2
611,8,11,5
611,8,10,5
611,8,10,1
611,8,11,2
611,11,16,5
611,11,16,1
611,11,17,6
611,11,16,1
611,11,17,2
611,11,17,2
611,11,16,1
611,11,16,1
611,11,17,2
611,11,16,1
611,11,16,6
611,11,17,6
611,11,16,6
611,11,17,5
611,11,17,2
611,11,16,5
611,11,16,1
611,11,17,6
611,11,16,1
611,11,17,6
611,11,16,1
611,11,17,2
611,11,17,2
611,11,17,2
611,11,17,2
611,11,16,6
611,11,17,6
611,11,16,5
611,11,16,1
611,11,16,1
611,11,17,2
611,11,16,1
611,11,17,2
611,11,17,2
611,11,16,6
611,11,16,1
611,11,17,5
611,11,16,1
611,11,17,5
611,11,16,6
611,11,17,2
611,11,16,6
611,11,17,2
611,11,16,1
611,11,17,6
611,11,17,2
611,11,16,5
611,11,17,2
611,11,16,1
611,11,17,2
611,10,14,6
611,10,15,1
611,10,14,5
611,10,15,6
611,10,14,1
611,10,15,1
611,10,14,5
611,10,15,6
611,10,14,5
611,10,15,6
611,10,14,5
611,10,15,5
611,10,14,2
611,10,15,5
611,10,14,5
611,10,15,5
611,10,14,1
611,10,15,2
611,10,14,1
611,10,14,1
611,10,15,6
611,10,14,1
611,10,15,5
611,10,14,6
611,10,15,1
611,10,14,1
611,10,15,1
611,10,14,2
611,10,15,5
611,10,14,6
611,10,15,5
611,10,14,2
611,10,15,5
611,10,14,2
611,10,15,2
611,10,14,1
611,10,15,5
611,10,14,6
611,10,15,2
611,10,14,1
611,10,15,6
611,10,14,6
611,10,15,5
611,10,14,5
611,10,15,2
611,10,14,2
611,10,15,6
611,10,14,5
611,10,15,2
611,10,14,6
608,9,13,2
608,9,12,1
608,9,12,1
608,9,13,2
608,9,13,2
608,9,12,1
608,9,12,5
608,9,13,2
608,9,13,2
608,9,13,2
608,9,13,6
608,9,12,1
608,9,12,5
608,9,12,5
608,9,12,1
608,9,12,5
608,9,12,1
608,9,12,5
608,9,12,5
608,9,13,6
608,9,12,1
608,9,12,1
608,9,13,2
608,9,12,5
608,9,13,2
608,9,12,5
608,9,12,1
608,9,13,6
608,9,12,2
608,9,13,2
608,9,13,5
608,9,13,6
608,9,12,2
608,9,13,6
608,9,13,6
608,9,12,1
608,9,12,1
608,9,13,2
608,9,13,6
608,9,12,1
608,9,13,2
608,9,12,1
608,9,13,6
608,9,13,2
608,9,12,1
608,9,13,2
608,9,13,2
608,9,13,6
608,9,12,1
608,9,12,1
608,11,17,6
608,11,17,2
608,11,17,6
608,11,17,6
608,11,16,1
608,11,16,5
608,11,17,6
608,11,17,6
608,11,17,6
608,11,17,6
608,11,16,1
608,11,17,6
608,11,17,6
608,11,16,2
608,11,17,2
608,11,16,1
608,11,17,2
608,11,17,2
608,11,16,1
608,11,17,2
608,11,16,5
608,11,16,5
608,11,16,5
608,11,17,2
608,11,16,1
608,11,17,6
608,11,16,5
608,11,16,1
608,11,16,5
608,11,17,6
608,11,16,5
608,11,17,2
608,11,16,5
608,11,17,6
608,11,16,5
608,11,17,2
608,11,17,2
608,11,17,2
608,11,17,2
608,11,17,6
608,11,17,6
608,11,16,5
608,11,17,6
608,11,17,2
608,11,16,1
608,11,16,5
608,11,16,1
608,11,16,5
608,11,16,5
608,11,17,2
608,10,15,5
608,10,15,5
608,10,15,1
608,10,15,1
608,10,15,1
608,10,15,5
608,10,15,5
608,10,15,5
608,10,15,1
608,10,15,6
608,10,15,6
608,10,15,5
608,10,15,2
608,10,15,2
608,10,14,1
608,10,14,6
608,10,15,2
608,10,15,5
608,10,15,1
608,10,15,2
608,10,15,6
608,10,15,1
608,10,15,5
608,10,15,5
608,10,15,6
608,10,15,1
608,10,15,1
608,10,15,5
608,10,15,5
608,10,15,5
608,10,15,2
608,10,15,1
608,10,15,5
608,10,15,6
608,10,15,6
608,10,15,2
608,10,15,5
608,10,15,2
608,10,15,1
608,10,15,2
608,10,15,2
608,10,15,6
608,10,15,5
608,10,15,6
608,10,15,5
608,10,15,1
608,10,15,5
608,10,15,1
608,10,15,6
608,10,15,5
608,8,11,5
608,8,11,2
608,8,10,5
608,8,10,2
608,8,10,5
608,8,10,5
608,8,10,2
608,8,11,6
608,8,11,2
608,8,11,6
608,8,10,5
608,8,11,6
608,8,11,6
608,8,11,6
608,8,11,1
608,8,11,5
608,8,11,2
608,8,11,1
608,8,11,6
608,8,11,2
608,8,11,6
608,8,11,6
608,8,11,6
608,8,10,5
608,8,11,5
608,8,11,1
608,8,11,5
608,8,11,5
608,8,11,5
608,8,11,2
608,8,11,6
608,8,11,6
608,8,11,2
608,8,10,5
608,8,10,5
608,8,10,5
608,8,11,1
608,8,10,5
608,8,11,2
608,8,10,5
608,8,11,2
608,8,11,6
608,8,11,2
608,8,11,2
608,8,11,1
608,8,10,5
608,8,11,6
608,8,11,5
608,8,11,5
608,8,11,6
618,9,13,2
618,9,12,2
618,9,12,1
618,9,13,6
618,9,13,6
618,9,12,1
618,9,12,1
618,9,13,2
618,9,13,2
618,9,12,1
618,9,12,5
618,9,12,5
618,9,13,5
618,9,13,2
618,9,12,1
618,9,13,2
618,9,13,2
618,9,13,6
618,9,13,2
618,9,13,5
618,9,13,6
618,9,12,5
618,9,13,2
618,9,12,5
618,9,12,1
618,9,12,1
618,9,13,2
618,9,13,2
618,9,13,2
618,9,12,1
618,9,12,5
618,9,13,6
618,9,12,5
618,9,12,5
618,9,13,6
618,9,12,5
618,9,13,6
618,9,12,1
618,9,13,6
618,9,12,1
618,9,13,6
618,9,12,5
618,9,12,1
618,9,13,2
618,9,12,1
618,9,12,5
618,9,12,5
618,9,12,1
618,9,13,6
618,9,13,1
618,11,17,6
618,11,17,2
618,11,17,6
618,11,16,6
618,11,16,5
618,11,17,6
618,11,17,2
618,11,17,6
618,11,16,1
618,11,17,6
618,11,16,5
618,11,16,1
618,11,16,1
618,11,17,6
618,11,16,5
618,11,17,1
618,11,17,6
618,11,16,5
618,11,17,2
618,11,17,6
618,11,16,5
618,11,17,2
618,11,16,6
618,11,17,2
618,11,16,5
618,11,16,5
618,11,17,6
618,11,16,1
618,11,17,2
618,11,16,5
618,11,17,2
618,11,16,1
618,11,16,1
618,11,16,1
618,11,17,6
618,11,16,5
618,11,16,5
618,11,16,1
618,11,16,5
618,11,17,6
618,11,17,6
618,11,16,1
618,11,16,5
618,11,17,2
618,11,17,6
618,11,16,5
618,11,16,5
618,11,17,2
618,11,16,1
618,11,17,2
618,8,11,6
618,8,11,1
618,8,11,6
618,8,11,6
618,8,11,2
618,8,10,5
618,8,11,2
618,8,11,2
618,8,10,1
618,8,11,2
618,8,10,5
618,8,10,1
618,8,10,5
618,8,10,5
618,8,10,1
618,8,11,2
618,8,11,2
618,8,10,1
618,8,11,2
618,8,11,6
618,8,10,1
618,8,11,5
618,8,10,5
618,8,11,5
618,8,10,5
618,8,11,2
618,8,11,6
618,8,10,1
618,8,10,5
618,8,10,6
618,8,10,1
618,8,11,2
618,8,11,2
618,8,10,5
618,8,11,5
618,8,10,5
618,8,10,1
618,8,11,2
618,8,10,5
618,8,11,2
618,8,11,2
618,8,11,6
618,8,10,5
618,8,11,2
618,8,10,5
618,8,11,6
618,8,11,5
618,8,11,6
618,8,11,2
618,8,10,5
618,10,15,6
618,10,14,5
618,10,15,2
618,10,14,1
618,10,14,5
618,10,14,1
618,10,14,1
618,10,14,5
618,10,14,1
618,10,15,6
618,10,15,6
618,10,15,6
618,10,15,2
618,10,15,2
618,10,14,1
618,10,15,2
618,10,15,2
618,10,14,5
618,10,14,1
618,10,15,6
618,10,14,1
618,10,14,5
618,10,14,1
618,10,15,2
618,10,15,2
618,10,14,5
618,10,15,6
618,10,14,1
618,10,14,5
618,10,15,6
618,10,14,2
618,10,14,1
618,10,15,2
618,10,14,5
618,10,14,5
618,10,15,2
618,10,15,6
618,10,14,5
618,10,14,1
618,10,15,1
618,10,14,1
618,10,15,2
618,10,15,6
618,10,14,6
618,10,15,6
618,10,15,6
618,10,15,6
618,10,14,1
618,10,15,2
618,10,14,5
623,9,13,2
623,9,13,5
623,9,13,5
623,9,13,2
623,9,13,6
623,9,12,2
623,9,12,2
623,9,13,1
623,9,13,1
623,9,12,5
623,9,13,6
623,9,12,2
623,9,13,1
623,9,12,5
623,9,13,6
623,9,12,2
623,9,12,2
623,9,12,2
623,9,13,1
623,9,12,5
623,9,12,5
623,9,13,2
623,9,13,2
623,9,13,5
623,9,13,2
623,9,12,5
623,9,12,5
623,9,12,5
623,9,12,1
623,9,13,2
623,9,13,2
623,9,13,6
623,9,13,6
623,9,12,5
623,9,12,1
623,9,12,5
623,9,12,1
623,9,13,2
623,9,13,2
623,9,13,6
623,9,12,5
623,9,12,1
623,9,12,1
623,9,13,2
623,9,13,6
623,9,12,1
623,9,12,5
623,9,12,1
623,9,13,2
623,9,13,2
623,11,17,6
623,11,17,2
623,11,17,2
623,11,17,6
623,11,17,2
623,11,17,2
623,11,16,5
623,11,17,2
623,11,17,1
623,11,17,6
623,11,17,2
623,11,17,6
623,11,17,2
623,11,17,2
623,11,17,2
623,11,16,1
623,11,17,6
623,11,16,5
623,11,17,6
623,11,17,6
623,11,16,5
623,11,16,1
623,11,17,6
623,11,17,2
623,11,16,5
623,11,17,2
623,11,17,6
623,11,16,5
623,11,17,2
623,11,17,2
623,11,17,2
623,11,16,5
623,11,17,6
623,11,17,2
623,11,16,5
623,11,17,2
623,11,17,6
623,11,16,1
623,11,17,6
623,11,16,5
623,11,16,1
623,11,16,5
623,11,17,2
623,11,17,6
623,11,16,1
623,11,16,1
623,11,17,6
623,11,16,5
623,11,16,5
623,11,17,2
623,10,15,6
623,10,15,6
623,10,15,6
623,10,15,6
623,10,15,6
623,10,15,6
623,10,15,6
623,10,14,1
623,10,15,6
623,10,14,1
623,10,14,5
623,10,15,2
623,10,14,1
623,10,15,6
623,10,14,1
623,10,14,1
623,10,15,2
623,10,14,1
623,10,14,5
623,10,15,2
623,10,14,5
623,10,15,2
623,10,15,6
623,10,15,6
623,10,14,1
623,10,15,2
623,10,14,1
623,10,14,1
623,10,14,5
623,10,15,2
623,10,15,6
623,10,14,1
623,10,15,2
623,10,14,5
623,10,15,6
623,10,14,5
623,10,15,6
623,10,15,6
623,10,14,1
623,10,14,5
623,10,14,1
623,10,15,2
623,10,15,6
623,10,14,1
623,10,15,6
623,10,15,2
623,10,14,5
623,10,14,1
623,10,14,1
623,10,14,1
623,8,10,1
623,8,11,2
623,8,10,1
623,8,10,1
623,8,11,6
623,8,11,6
623,8,11,6
623,8,11,2
623,8,10,1
623,8,10,5
623,8,10,1
623,8,11,2
623,8,10,1
623,8,11,6
623,8,10,5
623,8,10,5
623,8,11,6
623,8,10,5
623,8,10,1
623,8,10,1
623,8,11,6
623,8,11,6
623,8,10,5
623,8,11,2
623,8,11,2
623,8,10,1
623,8,10,1
623,8,10,5
623,8,10,1
623,8,11,6
623,8,11,2
623,8,10,1
623,8,10,1
623,8,10,5
623,8,11,6
623,8,10,5
623,8,11,2
623,8,11,6
623,8,10,1
623,8,10,1
623,8,10,5
623,8,11,2
623,8,11,2
623,8,10,5
623,8,10,5
623,8,11,6
623,8,10,1
623,8,11,6
623,8,10,1
623,8,10,5
620,8,10,2
620,8,10,6
620,8,10,1
620,8,10,2
620,8,10,5
620,8,10,5
620,8,10,2
620,8,10,5
620,8,10,5
620,8,10,1
620,8,10,6
620,8,10,5
620,8,10,1
620,8,10,2
620,8,10,6
620,8,10,1
620,8,10,5
620,8,10,6
620,8,10,5
620,8,10,1
620,8,10,6
620,8,10,2
620,8,10,1
620,8,10,2
620,8,10,5
620,8,10,2
620,8,10,6
620,8,10,5
620,8,10,5
620,8,10,5
620,8,10,2
620,8,10,6
620,8,10,5
620,8,10,1
620,8,10,5
620,8,10,2
620,8,10,1
620,8,10,2
620,8,10,1
620,8,10,2
620,8,10,5
620,8,10,5
620,8,10,6
620,8,10,6
620,8,10,2
620,8,10,2
620,8,10,6
620,8,10,2
620,8,10,1
620,8,10,2
620,11,16,6
620,11,16,1
620,11,16,5
620,11,16,2
620,11,16,6
620,11,16,6
620,11,16,5
620,11,16,1
620,11,16,6
620,11,16,2
620,11,16,6
620,11,16,2
620,11,16,5
620,11,16,1
620,11,16,1
620,11,16,2
620,11,16,6
620,11,16,1
620,11,16,5
620,11,16,2
620,11,16,5
620,11,16,5
620,11,16,1
620,11,16,2
620,11,16,1
620,11,16,6
620,11,16,1
620,11,16,6
620,11,16,5
620,11,16,6
620,11,16,5
620,11,16,1
620,11,16,2
620,11,16,1
620,11,16,2
620,11,16,5
620,11,16,6
620,11,16,5
620,11,16,5
620,11,16,6
620,11,16,6
620,11,16,5
620,11,16,1
620,11,16,5
620,11,16,2
620,11,16,5
620,11,16,5
620,11,16,2
620,11,16,5
620,11,16,1
620,9,12,1
620,9,12,2
620,9,12,2
620,9,12,5
620,9,12,5
620,9,12,2
620,9,12,2
620,9,12,6
620,9,12,6
620,9,12,2
620,9,12,6
620,9,12,5
620,9,12,6
620,9,12,2
620,9,12,6
620,9,12,5
620,9,12,5
620,9,12,6
620,9,12,1
620,9,12,1
620,9,12,5
620,9,12,2
620,9,12,6
620,9,12,1
620,9,12,5
620,9,12,6
620,9,12,6
620,9,12,5
620,9,12,1
620,9,12,5
620,9,12,6
620,9,12,5
620,9,12,2
620,9,12,5
620,9,12,1
620,9,12,5
620,9,12,2
620,9,12,6
620,9,12,5
620,9,12,6
620,9,12,6
620,9,12,2
620,9,12,1
620,9,12,5
620,9,12,1
620,9,12,6
620,9,12,5
620,9,12,1
620,9,12,6
620,9,12,1
620,10,14,5
620,10,14,6
620,10,14,2
620,10,14,2
620,10,14,5
620,10,14,1
620,10,14,5
620,10,14,1
620,10,14,2
620,10,14,2
620,10,14,1
620,10,14,6
620,10,14,2
620,10,14,5
620,10,14,1
620,10,14,1
620,10,14,5
620,10,14,2
620,10,14,5
620,10,14,6
620,10,14,6
620,10,14,2
620,10,14,5
620,10,14,2
620,10,14,1
620,10,14,6
620,10,14,6
620,10,14,2
620,10,14,2
620,10,14,5
620,10,14,2
620,10,14,1
620,10,14,2
620,10,14,1
620,10,14,1
620,10,14,1
620,10,14,1
620,10,14,2
620,10,14,1
620,10,14,5
620,10,14,6
620,10,14,6
620,10,14,2
620,10,14,6
620,10,14,2
620,10,14,2
620,10,14,1
620,10,14,5
620,10,14,2
620,10,14,1
606,9,13,6
606,9,13,2
606,9,12,5
606,9,12,2
606,9,12,1
606,9,12,1
606,9,13,6
606,9,12,5
606,9,13,6
606,9,13,5
606,9,12,5
606,9,13,1
606,9,12,6
606,9,12,2
606,9,12,5
606,9,12,1
606,9,13,6
606,9,13,5
606,9,12,2
606,9,13,2
606,9,12,2
606,9,12,5
606,9,12,1
606,9,12,5
606,9,13,5
606,9,12,2
606,9,12,6
606,9,13,2
606,9,13,2
606,9,13,5
606,9,12,5
606,9,12,1
606,9,12,2
606,9,12,2
606,9,13,1
606,9,12,5
606,9,12,6
606,9,13,5
606,9,13,5
606,9,13,5
606,9,12,6
606,9,12,6
606,9,13,5
606,9,13,6
606,9,12,2
606,9,12,1
606,9,12,6
606,9,12,2
606,9,12,6
606,9,13,6
606,11,16,2
606,11,16,1
606,11,16,5
606,11,17,5
606,11,16,1
606,11,17,2
606,11,16,1
606,11,17,5
606,11,16,1
606,11,16,1
606,11,16,6
606,11,17,5
606,11,16,6
606,11,17,6
606,11,17,6
606,11,16,6
606,11,16,5
606,11,17,2
606,11,17,2
606,11,16,2
606,11,17,5
606,11,16,1
606,11,16,2
606,11,16,2
606,11,17,6
606,11,17,5
606,11,16,2
606,11,16,1
606,11,17,2
606,11,16,5
606,11,16,2
606,11,16,1
606,11,16,1
606,11,16,6
606,11,17,5
606,11,16,1
606,11,16,6
606,11,17,1
606,11,16,6
606,11,17,2
606,11,17,2
606,11,17,5
606,11,17,6
606,11,16,6
606,11,17,5
606,11,16,5
606,11,17,6
606,11,16,2
606,11,17,2
606,11,16,6
606,10,14,5
606,10,15,2
606,10,15,2
606,10,14,2
606,10,15,5
606,10,15,2
606,10,14,1
606,10,14,5
606,10,14,5
606,10,14,5
606,10,15,2
606,10,14,5
606,10,15,2
606,10,15,6
606,10,15,5
606,10,14,5
606,10,15,1
606,10,14,2
606,10,15,2
606,10,15,5
606,10,14,2
606,10,15,1
606,10,14,6
606,10,14,1
606,10,15,1
606,10,15,1
606,10,14,6
606,10,15,5
606,10,14,1
606,10,14,2
606,10,14,5
606,10,15,5
606,10,15,1
606,10,14,6
606,10,14,5
606,10,15,5
606,10,15,5
606,10,15,1
606,10,15,5
606,10,14,1
606,10,14,1
606,10,14,5
606,10,15,5
606,10,15,5
606,10,14,1
606,10,14,2
606,10,14,1
606,10,15,6
606,10,15,2
606,10,15,1
606,8,10,2
606,8,10,2
606,8,10,1
606,8,11,5
606,8,11,2
606,8,10,2
606,8,11,2
606,8,11,6
606,8,10,5
606,8,10,2
606,8,10,2
606,8,11,6
606,8,11,2
606,8,10,1
606,8,10,5
606,8,11,2
606,8,10,5
606,8,10,1
606,8,10,5
606,8,11,2
606,8,11,1
606,8,10,2
606,8,11,1
606,8,10,1
606,8,10,5
606,8,10,2
606,8,10,5
606,8,11,1
606,8,11,1
606,8,10,2
606,8,11,1
606,8,10,5
606,8,11,6
606,8,10,2
606,8,10,5
606,8,10,5
606,8,11,6
606,8,10,1
606,8,11,1
606,8,11,6
606,8,10,2
606,8,11,1
606,8,11,2
606,8,10,5
606,8,11,1
606,8,10,2
606,8,11,6
606,8,10,2
606,8,11,2
606,8,10,5
602,11,16,1
602,11,16,1
602,11,16,1
602,11,17,2
602,11,16,1
602,11,16,5
602,11,17,2
602,11,17,6
602,11,17,5
602,11,17,6
602,11,17,6
602,11,17,6
602,11,17,1
602,11,17,6
602,11,17,2
602,11,16,1
602,11,16,1
602,11,16,1
602,11,17,6
602,11,16,5
602,11,16,5
602,11,16,1
602,11,17,2
602,11,17,2
602,11,17,6
602,11,17,5
602,11,16,1
602,11,16,1
602,11,17,6
602,11,17,2
602,11,17,2
602,11,17,2
602,11,16,1
602,11,17,5
602,11,16,5
602,11,16,1
602,11,17,5
602,11,16,1
602,11,16,1
602,11,16,1
602,11,17,2
602,11,17,6
602,11,16,1
602,11,16,1
602,11,16,5
602,11,16,5
602,11,16,1
602,11,17,6
602,11,17,6
602,11,16,1
602,9,13,6
602,9,12,1
602,9,13,2
602,9,12,1
602,9,13,2
602,9,12,1
602,9,12,1
602,9,12,5
602,9,13,2
602,9,13,6
602,9,13,6
602,9,13,2
602,9,13,2
602,9,12,5
602,9,13,2
602,9,12,5
602,9,13,6
602,9,13,2
602,9,13,2
602,9,12,1
602,9,12,5
602,9,13,6
602,9,13,5
602,9,13,6
602,9,13,2
602,9,13,6
602,9,12,5
602,9,12,1
602,9,13,2
602,9,13,6
602,9,13,6
602,9,12,5
602,9,13,2
602,9,12,5
602,9,12,5
602,9,13,5
602,9,12,1
602,9,12,1
602,9,13,6
602,9,12,6
602,9,12,5
602,9,12,1
602,9,12,5
602,9,12,1
602,9,13,2
602,9,13,5
602,9,13,6
602,9,13,2
602,9,13,2
602,9,12,5
602,8,10,5
602,8,11,2
602,8,10,2
602,8,11,1
602,8,11,2
602,8,10,1
602,8,10,5
602,8,10,1
602,8,11,6
602,8,11,6
602,8,11,1
602,8,10,5
602,8,10,1
602,8,11,6
602,8,10,2
602,8,10,1
602,8,11,6
602,8,10,1
602,8,11,6
602,8,11,2
602,8,11,2
602,8,10,5
602,8,11,6
602,8,11,2
602,8,10,1
602,8,10,5
602,8,11,1
602,8,11,6
602,8,10,1
602,8,11,2
602,8,10,2
602,8,10,1
602,8,10,1
602,8,11,2
602,8,10,2
602,8,11,2
602,8,10,1
602,8,11,2
602,8,11,6
602,8,11,2
602,8,11,6
602,8,11,6
602,8,11,6
602,8,11,2
602,8,11,1
602,8,10,2
602,8,11,2
602,8,11,1
602,8,11,6
602,8,10,1
602,10,14,2
602,10,14,1
602,10,14,1
602,10,15,6
602,10,15,6
602,10,15,5
602,10,14,2
602,10,14,2
602,10,14,2
602,10,15,1
602,10,15,5
602,10,14,1
602,10,15,6
602,10,14,1
602,10,14,2
602,10,14,2
602,10,14,1
602,10,14,2
602,10,14,2
602,10,15,6
602,10,15,5
602,10,14,1
602,10,15,5
602,10,15,6
602,10,15,6
602,10,14,2
602,10,14,2
602,10,14,1
602,10,14,2
602,10,15,6
602,10,15,5
602,10,14,1
602,10,15,5
602,10,15,5
602,10,15,6
602,10,14,2
602,10,15,5
602,10,15,5
602,10,15,5
602,10,15,6
602,10,15,5
602,10,15,6
602,10,14,2
602,10,15,2
602,10,15,5
602,10,14,1
602,10,15,5
602,10,14,2
602,10,15,1
602,10,15,5
616,9,12,2
616,9,12,1
616,9,12,1
616,9,13,2
616,9,12,1
616,9,13,2
616,9,13,1
616,9,13,6
616,9,12,5
616,9,12,1
616,9,12,5
616,9,13,2
616,9,12,6
616,9,13,6
616,9,12,5
616,9,12,6
616,9,13,6
616,9,12,5
616,9,12,1
616,9,12,1
616,9,13,2
616,9,12,5
616,9,13,2
616,9,12,6
616,9,12,5
616,9,13,5
616,9,12,6
616,9,13,2
616,9,12,6
616,9,12,1
616,9,13,2
616,9,13,2
616,9,12,6
616,9,13,5
616,9,12,2
616,9,13,6
616,9,12,1
616,9,13,1
616,9,13,5
616,9,13,5
616,9,13,1
616,9,12,5
616,9,13,6
616,9,13,1
616,9,13,2
616,9,12,5
616,9,13,6
616,9,12,2
616,9,13,1
616,9,12,1
616,11,16,6
616,11,17,5
616,11,16,1
616,11,16,6
616,11,17,1
616,11,17,1
616,11,16,6
616,11,17,1
616,11,17,2
616,11,16,2
616,11,16,2
616,11,17,2
616,11,17,5
616,11,17,6
616,11,17,1
616,11,16,5
616,11,16,6
616,11,17,1
616,11,17,6
616,11,17,6
616,11,16,6
616,11,16,5
616,11,16,5
616,11,17,6
616,11,16,5
616,11,17,6
616,11,16,1
616,11,17,2
616,11,16,2
616,11,17,1
616,11,17,2
616,11,16,5
616,11,16,5
616,11,16,1
616,11,16,1
616,11,17,6
616,11,16,1
616,11,17,2
616,11,17,6
616,11,16,1
616,11,16,6
616,11,16,6
616,11,16,2
616,11,17,5
616,11,17,2
616,11,17,5
616,11,16,5
616,11,16,1
616,11,16,5
616,11,16,1
616,8,11,2
616,8,11,2
616,8,11,6
616,8,11,1
616,8,10,5
616,8,11,2
616,8,11,6
616,8,11,1
616,8,11,6
616,8,11,1
616,8,11,5
616,8,11,2
616,8,11,2
616,8,11,6
616,8,11,6
616,8,11,5
616,8,11,2
616,8,11,2
616,8,11,5
616,8,11,5
616,8,11,1
616,8,11,5
616,8,11,5
616,8,11,6
616,8,11,5
616,8,10,1
616,8,10,5
616,8,10,5
616,8,10,6
616,8,10,5
616,8,10,1
616,8,11,2
616,8,10,1
616,8,11,1
616,8,11,6
616,8,11,1
616,8,10,5
616,8,11,5
616,8,10,5
616,8,10,1
616,8,11,2
616,8,10,5
616,8,11,1
616,8,10,1
616,8,11,5
616,8,10,1
616,8,10,5
616,8,10,5
616,8,11,6
616,8,10,5
616,10,14,5
616,10,14,2
616,10,14,1
616,10,15,5
616,10,15,6
616,10,15,6
616,10,15,6
616,10,15,6
616,10,14,6
616,10,15,1
616,10,14,5
616,10,15,6
616,10,14,2
616,10,15,2
616,10,14,5
616,10,15,6
616,10,14,6
616,10,14,5
616,10,15,6
616,10,15,2
616,10,14,6
616,10,14,6
616,10,15,6
616,10,15,6
616,10,15,2
616,10,14,1
616,10,15,2
616,10,14,1
616,10,15,2
616,10,14,1
616,10,15,6
616,10,15,6
616,10,15,2
616,10,15,2
616,10,15,2
616,10,14,1
616,10,14,5
616,10,14,1
616,10,14,1
616,10,14,5
616,10,14,5
616,10,14,1
616,10,14,1
616,10,14,5
616,10,15,2
616,10,15,5
616,10,15,2
616,10,14,1
616,10,14,1
616,10,14,5
609,8,10,5
609,8,10,5
609,8,11,2
609,8,10,6
609,8,11,2
609,8,10,5
609,8,10,5
609,8,11,1
609,8,10,5
609,8,10,6
609,8,10,6
609,8,10,6
609,8,10,5
609,8,11,2
609,8,11,2
609,8,10,6
609,8,11,1
609,8,10,6
609,8,11,2
609,8,10,6
609,8,11,1
609,8,11,1
609,8,11,6
609,8,11,6
609,8,10,1
609,8,10,1
609,8,11,6
609,8,11,5
609,8,10,1
609,8,11,5
609,8,11,5
609,8,10,2
609,8,11,6
609,8,11,6
609,8,10,2
609,8,11,6
609,8,10,6
609,8,11,5
609,8,11,6
609,8,11,6
609,8,10,1
609,8,11,5
609,8,10,2
609,8,10,1
609,8,10,1
609,8,10,2
609,8,11,6
609,8,11,6
609,8,10,1
609,8,11,6
609,11,16,2
609,11,16,2
609,11,17,6
609,11,16,2
609,11,17,6
609,11,16,2
609,11,17,1
609,11,16,2
609,11,16,1
609,11,17,5
609,11,16,1
609,11,17,5
609,11,17,5
609,11,17,6
609,11,17,5
609,11,16,1
609,11,17,5
609,11,17,5
609,11,17,6
609,11,17,6
609,11,16,1
609,11,17,6
609,11,16,1
609,11,16,2
609,11,16,2
609,11,16,2
609,11,17,6
609,11,16,2
609,11,16,2
609,11,17,6
609,11,17,5
609,11,17,5
609,11,17,5
609,11,17,6
609,11,17,5
609,11,16,2
609,11,17,6
609,11,16,2
609,11,16,2
609,11,16,2
609,11,16,2
609,11,17,5
609,11,16,2
609,11,16,2
609,11,16,2
609,11,16,2
609,11,16,2
609,11,17,6
609,11,16,2
609,11,16,1
609,10,15,1
609,10,15,2
609,10,15,2
609,10,14,5
609,10,15,1
609,10,15,2
609,10,15,2
609,10,15,5
609,10,15,5
609,10,15,5
609,10,15,6
609,10,14,2
609,10,15,6
609,10,14,2
609,10,14,1
609,10,14,1
609,10,14,1
609,10,14,1
609,10,14,1
609,10,15,5
609,10,15,5
609,10,15,6
609,10,15,6
609,10,15,6
609,10,15,5
609,10,14,1
609,10,15,5
609,10,15,6
609,10,14,1
609,10,15,6
609,10,14,6
609,10,15,2
609,10,14,6
609,10,15,2
609,10,15,5
609,10,14,2
609,10,15,6
609,10,15,5
609,10,15,5
609,10,15,6
609,10,14,1
609,10,15,5
609,10,14,2
609,10,15,6
609,10,15,6
609,10,14,2
609,10,15,6
609,10,14,1
609,10,14,2
609,10,15,5
609,9,12,2
609,9,12,5
609,9,13,6
609,9,12,1
609,9,12,1
609,9,12,5
609,9,12,5
609,9,12,1
609,9,13,6
609,9,13,2
609,9,12,5
609,9,13,2
609,9,13,6
609,9,13,2
609,9,12,1
609,9,13,6
609,9,12,1
609,9,12,1
609,9,13,2
609,9,13,1
609,9,13,5
609,9,12,2
609,9,12,1
609,9,13,5
609,9,12,2
609,9,12,1
609,9,13,6
609,9,12,2
609,9,12,1
609,9,12,2
609,9,12,2
609,9,13,6
609,9,12,6
609,9,12,1
609,9,13,6
609,9,12,6
609,9,12,5
609,9,13,6
609,9,12,1
609,9,13,2
609,9,13,2
609,9,12,1
609,9,13,6
609,9,12,6
609,9,12,2
609,9,13,6
609,9,12,2
609,9,13,6
609,9,12,1
609,9,12,5
610,11,16,1
610,11,16,5
610,11,16,5
610,11,17,6
610,11,17,2
610,11,17,2
610,11,17,6
610,11,17,6
610,11,16,1
610,11,17,2
610,11,16,6
610,11,17,5
610,11,16,5
610,11,16,1
610,11,17,5
610,11,16,1
610,11,17,2
610,11,17,2
610,11,16,1
610,11,17,6
610,11,16,5
610,11,16,5
610,11,17,6
610,11,17,6
610,11,17,2
610,11,16,5
610,11,16,5
610,11,17,2
610,11,17,5
610,11,16,5
610,11,16,1
610,11,17,5
610,11,17,2
610,11,17,6
610,11,16,1
610,11,16,5
610,11,17,6
610,11,16,6
610,11,17,5
610,11,17,2
610,11,16,1
610,11,17,6
610,11,16,5
610,11,17,6
610,11,16,5
610,11,16,1
610,11,17,6
610,11,17,5
610,11,16,5
610,11,16,1
610,10,14,5
610,10,14,1
610,10,14,5
610,10,15,5
610,10,15,2
610,10,15,2
610,10,14,6
610,10,14,1
610,10,14,6
610,10,15,6
610,10,14,1
610,10,15,6
610,10,15,2
610,10,14,6
610,10,14,1
610,10,15,6
610,10,14,5
610,10,14,1
610,10,15,5
610,10,15,5
610,10,14,6
610,10,14,1
610,10,15,5
610,10,14,5
610,10,14,1
610,10,14,6
610,10,14,6
610,10,14,1
610,10,15,6
610,10,14,1
610,10,15,5
610,10,14,1
610,10,15,5
610,10,14,5
610,10,15,2
610,10,14,1
610,10,14,1
610,10,14,1
610,10,15,5
610,10,15,2
610,10,15,2
610,10,15,6
610,10,14,5
610,10,14,1
610,10,14,1
610,10,14,1
610,10,15,6
610,10,14,1
610,10,15,6
610,10,14,6
610,8,10,5
610,8,11,6
610,8,10,1
610,8,10,5
610,8,10,1
610,8,10,1
610,8,10,5
610,8,10,1
610,8,11,5
610,8,10,5
610,8,10,6
610,8,11,6
610,8,11,2
610,8,10,6
610,8,11,6
610,8,11,2
610,8,11,6
610,8,11,2
610,8,11,2
610,8,10,1
610,8,11,6
610,8,10,5
610,8,11,1
610,8,10,2
610,8,11,2
610,8,11,2
610,8,11,5
610,8,11,2
610,8,11,5
610,8,11,2
610,8,10,6
610,8,11,2
610,8,10,1
610,8,10,6
610,8,11,2
610,8,11,6
610,8,10,5
610,8,11,5
610,8,11,2
610,8,11,2
610,8,10,5
610,8,11,2
610,8,11,2
610,8,10,1
610,8,10,5
610,8,11,6
610,8,11,5
610,8,10,5
610,8,11,6
610,8,10,6
610,9,12,1
610,9,13,2
610,9,13,2
610,9,12,6
610,9,12,1
610,9,13,1
610,9,12,2
610,9,13,2
610,9,12,1
610,9,13,6
610,9,12,2
610,9,13,2
610,9,12,1
610,9,13,2
610,9,12,6
610,9,13,6
610,9,12,2
610,9,12,5
610,9,13,6
610,9,13,6
610,9,12,5
610,9,13,6
610,9,12,5
610,9,13,2
610,9,12,1
610,9,13,5
610,9,12,5
610,9,13,5
610,9,12,5
610,9,13,2
610,9,12,2
610,9,13,2
610,9,12,1
610,9,13,5
610,9,12,5
610,9,13,6
610,9,12,1
610,9,13,5
610,9,12,5
610,9,13,6
610,9,12,6
610,9,13,5
610,9,12,1
610,9,13,6
610,9,12,1
610,9,13,5
610,9,12,2
610,9,13,5
610,9,12,6
610,9,13,2
